{"#B": 29686, "#I": 31217, "#U": 2311431, "#B-I": 105775, "#U-I": 6345137, "#Avg. I/B": 3.563127400121269, "#Avg. I/U": 2.7451120106981346}